-- phpMyAdmin SQL Dump
-- version 4.7.4
-- https://www.phpmyadmin.net/
--
-- Host: 127.0.0.1
-- Generation Time: Mar 04, 2022 at 01:30 PM
-- Server version: 10.1.30-MariaDB
-- PHP Version: 5.6.33

SET FOREIGN_KEY_CHECKS=0;
SET SQL_MODE = "NO_AUTO_VALUE_ON_ZERO";
SET AUTOCOMMIT = 0;
START TRANSACTION;
SET time_zone = "+00:00";


/*!40101 SET @OLD_CHARACTER_SET_CLIENT=@@CHARACTER_SET_CLIENT */;
/*!40101 SET @OLD_CHARACTER_SET_RESULTS=@@CHARACTER_SET_RESULTS */;
/*!40101 SET @OLD_COLLATION_CONNECTION=@@COLLATION_CONNECTION */;
/*!40101 SET NAMES utf8mb4 */;

--
-- Database: `bill_record`
--

-- --------------------------------------------------------

--
-- Table structure for table `bill`
--

CREATE TABLE `bill` (
  `bill_id` int(255) NOT NULL,
  `sno_id` int(255) NOT NULL,
  `from_date` date NOT NULL,
  `to_date` date NOT NULL,
  `bill_no` varchar(30) NOT NULL,
  `date_of_bill` date NOT NULL,
  `due_date` date NOT NULL,
  `reading` float(10,2) NOT NULL,
  `reading_date` date NOT NULL,
  `power_consumption` float(10,2) DEFAULT NULL,
  `power_factor` varchar(200) DEFAULT NULL,
  `total_consumption` float(10,2) NOT NULL,
  `highest_demand_reading` float(10,2) DEFAULT NULL,
  `je_ae_name` varchar(50) NOT NULL,
  `je_ae_contact_no` varchar(15) NOT NULL,
  `ae_ee_name` varchar(50) NOT NULL,
  `ae_ee_contact_no` varchar(15) NOT NULL,
  `fixed_demand_charges` float(10,2) DEFAULT NULL,
  `minimum_charges` float(10,2) DEFAULT NULL,
  `energy_charges` float(10,2) DEFAULT NULL,
  `total_charges` float(10,2) NOT NULL,
  `electricity_duty` float(10,2) DEFAULT NULL,
  `cess` float(10,2) DEFAULT NULL,
  `welding_capacitor_overload` float(10,2) DEFAULT NULL,
  `meter_fare` float(10,2) DEFAULT NULL,
  `vca_charge` float(10,2) DEFAULT NULL,
  `security_deposit` float(10,2) DEFAULT NULL,
  `concession_amount` float(10,2) DEFAULT NULL,
  `total_bill` float(10,2) NOT NULL,
  `deviation_adjustment` float(10,2) DEFAULT NULL,
  `past_dues` float(10,2) NOT NULL,
  `security_fund_outstanding` float(10,2) DEFAULT NULL,
  `payable_amount` float(10,2) NOT NULL,
  `extra` float(10,2) DEFAULT NULL,
  `gross_amount` float(10,2) NOT NULL,
  `overload` float(10,2) DEFAULT NULL,
  `image` varchar(200) DEFAULT NULL,
  `created_at` datetime NOT NULL,
  `created_by` int(255) NOT NULL,
  `status` tinyint(1) NOT NULL DEFAULT '1'
) ENGINE=InnoDB DEFAULT CHARSET=latin1;

-- --------------------------------------------------------

--
-- Table structure for table `company_master`
--

CREATE TABLE `company_master` (
  `cid` int(255) NOT NULL,
  `name` varchar(300) NOT NULL,
  `address` varchar(500) NOT NULL,
  `contact_no` varchar(15) NOT NULL,
  `alternet_no` varchar(15) DEFAULT NULL,
  `email` varchar(200) DEFAULT NULL,
  `created_at` date NOT NULL,
  `created_by` int(255) NOT NULL,
  `status` tinyint(1) NOT NULL DEFAULT '1'
) ENGINE=InnoDB DEFAULT CHARSET=latin1;

--
-- Dumping data for table `company_master`
--

INSERT INTO `company_master` (`cid`, `name`, `address`, `contact_no`, `alternet_no`, `email`, `created_at`, `created_by`, `status`) VALUES
(4, 'vnr-corporate', 'raipur ', '9770866241', NULL, NULL, '2022-02-19', 1, 1),
(5, 'vnr-plant', 'raipur ', '9770866241', NULL, NULL, '2022-02-19', 1, 1);

-- --------------------------------------------------------

--
-- Table structure for table `cost_center_master`
--

CREATE TABLE `cost_center_master` (
  `costc_id` int(255) NOT NULL,
  `company_id` int(255) NOT NULL,
  `name` varchar(50) NOT NULL,
  `created_by` int(255) NOT NULL,
  `created_at` date NOT NULL,
  `status` tinyint(1) NOT NULL DEFAULT '1'
) ENGINE=InnoDB DEFAULT CHARSET=latin1;

--
-- Dumping data for table `cost_center_master`
--

INSERT INTO `cost_center_master` (`costc_id`, `company_id`, `name`, `created_by`, `created_at`, `status`) VALUES
(4, 4, 'durg', 1, '2022-02-19', 0),
(5, 4, 'raipur', 1, '2022-02-19', 1),
(6, 4, 'dhamdha', 1, '2022-02-19', 1),
(7, 5, '123', 1, '2022-02-26', 1);

-- --------------------------------------------------------

--
-- Table structure for table `location_master`
--

CREATE TABLE `location_master` (
  `loc_id` int(255) NOT NULL,
  `cost_center_id` int(255) NOT NULL,
  `name` varchar(200) NOT NULL,
  `created_by` int(255) NOT NULL,
  `created_at` datetime NOT NULL,
  `status` tinyint(1) NOT NULL DEFAULT '1'
) ENGINE=InnoDB DEFAULT CHARSET=latin1;

--
-- Dumping data for table `location_master`
--

INSERT INTO `location_master` (`loc_id`, `cost_center_id`, `name`, `created_by`, `created_at`, `status`) VALUES
(1, 5, 'bhilai', 1, '2022-02-19 00:00:00', 0),
(2, 5, 'sarona', 1, '2022-02-19 00:00:00', 1),
(3, 7, 'asd2', 1, '2022-02-26 00:00:00', 1);

-- --------------------------------------------------------

--
-- Table structure for table `meter_master`
--

CREATE TABLE `meter_master` (
  `mid` int(255) NOT NULL,
  `parent_meter` int(255) DEFAULT NULL,
  `bpno` varchar(100) NOT NULL,
  `mtype` enum('main-meter','sub-meter') NOT NULL DEFAULT 'main-meter',
  `cid` int(255) NOT NULL,
  `costc_id` int(255) NOT NULL,
  `loc_id` int(255) NOT NULL,
  `created_by` int(255) NOT NULL,
  `created_at` date NOT NULL,
  `status` tinyint(1) NOT NULL DEFAULT '1'
) ENGINE=InnoDB DEFAULT CHARSET=utf8mb4;

--
-- Dumping data for table `meter_master`
--

INSERT INTO `meter_master` (`mid`, `parent_meter`, `bpno`, `mtype`, `cid`, `costc_id`, `loc_id`, `created_by`, `created_at`, `status`) VALUES
(1, NULL, 'bpno-123', 'main-meter', 4, 5, 2, 1, '2022-02-25', 1),
(2, 1, 'bpno-124', 'sub-meter', 4, 5, 2, 1, '2022-02-25', 1),
(3, 1, 'bpno-101', 'sub-meter', 4, 5, 2, 1, '2022-02-25', 1),
(4, NULL, 'bpno-102', 'main-meter', 4, 5, 2, 1, '2022-02-25', 1),
(5, 4, 'bpno-103', 'sub-meter', 4, 5, 2, 1, '2022-02-25', 1),
(6, NULL, 'bpno-104', 'main-meter', 4, 5, 2, 1, '2022-02-25', 1),
(7, 1, 'bpno-105', 'sub-meter', 4, 5, 2, 1, '2022-02-25', 1),
(8, NULL, 'bpno-106', 'main-meter', 5, 7, 3, 1, '2022-02-26', 1),
(10, NULL, 'bpno-107', 'sub-meter', 5, 7, 3, 1, '2022-02-26', 1),
(11, NULL, 'bpno-108', 'sub-meter', 5, 7, 3, 1, '2022-02-26', 1),
(12, 8, 'bpno-109', 'sub-meter', 5, 7, 3, 1, '2022-02-26', 1);

-- --------------------------------------------------------

--
-- Table structure for table `meter_reading`
--

CREATE TABLE `meter_reading` (
  `mr_id` int(255) NOT NULL,
  `bpno` int(255) NOT NULL,
  `user_id` int(255) NOT NULL,
  `reading_date` date NOT NULL,
  `reading_value` varchar(20) NOT NULL,
  `image` varchar(500) DEFAULT NULL,
  `created_at` date NOT NULL,
  `created_by` int(255) NOT NULL,
  `status` tinyint(1) NOT NULL DEFAULT '1'
) ENGINE=InnoDB DEFAULT CHARSET=utf8mb4;

--
-- Dumping data for table `meter_reading`
--

INSERT INTO `meter_reading` (`mr_id`, `bpno`, `user_id`, `reading_date`, `reading_value`, `image`, `created_at`, `created_by`, `status`) VALUES
(1, 1, 5, '2022-03-02', '100', 'b98a36bf384a7f2afe46f9d278376240.png', '2022-03-03', 5, 1),
(2, 1, 5, '2022-03-03', '200', 'b98a36bf384a7f2afe46f9d278376240.png', '2022-03-03', 5, 1),
(3, 4, 5, '2022-03-04', '300', 'b98a36bf384a7f2afe46f9d278376240.png', '2022-03-03', 5, 1);

-- --------------------------------------------------------

--
-- Table structure for table `task_assign`
--

CREATE TABLE `task_assign` (
  `task_id` int(255) NOT NULL,
  `sno_id` int(255) NOT NULL,
  `sub_meter_id` int(255) DEFAULT NULL,
  `user_id` int(255) NOT NULL,
  `meter_reading` tinyint(1) NOT NULL DEFAULT '0',
  `reading_frq` int(11) DEFAULT NULL,
  `bill_upload` tinyint(1) NOT NULL DEFAULT '0',
  `upload_frq` int(11) DEFAULT NULL,
  `created_by` int(255) NOT NULL,
  `created_at` date NOT NULL,
  `status` tinyint(1) NOT NULL DEFAULT '1'
) ENGINE=InnoDB DEFAULT CHARSET=latin1;

--
-- Dumping data for table `task_assign`
--

INSERT INTO `task_assign` (`task_id`, `sno_id`, `sub_meter_id`, `user_id`, `meter_reading`, `reading_frq`, `bill_upload`, `upload_frq`, `created_by`, `created_at`, `status`) VALUES
(6, 1, NULL, 5, 1, 1, 1, 1, 1, '2022-03-02', 1),
(7, 4, 5, 5, 1, 1, 1, 1, 1, '2022-03-02', 1),
(8, 4, NULL, 5, 1, 1, 1, 1, 1, '2022-03-02', 1);

-- --------------------------------------------------------

--
-- Table structure for table `users`
--

CREATE TABLE `users` (
  `uid` int(255) NOT NULL,
  `utype` int(255) NOT NULL,
  `fname` varchar(50) NOT NULL,
  `lname` varchar(50) NOT NULL,
  `email` varchar(200) NOT NULL,
  `contact_no` varchar(15) NOT NULL,
  `password` varchar(500) NOT NULL,
  `sex` enum('male','female') NOT NULL,
  `created_by` int(255) DEFAULT NULL,
  `created_at` date NOT NULL,
  `status` tinyint(1) NOT NULL DEFAULT '1'
) ENGINE=InnoDB DEFAULT CHARSET=latin1;

--
-- Dumping data for table `users`
--

INSERT INTO `users` (`uid`, `utype`, `fname`, `lname`, `email`, `contact_no`, `password`, `sex`, `created_by`, `created_at`, `status`) VALUES
(1, 1, 'rahul', 'sinha', 'admin@gmail.com', '9770866241', '7110eda4d09e062aa5e4a390b0a572ac0d2c0220', 'male', NULL, '2022-02-17', 1),
(2, 2, 'manoj', 'sinha21', 'manoj@gmail.com', '9770866241', '7110eda4d09e062aa5e4a390b0a572ac0d2c0220', 'male', 1, '2022-02-19', 1),
(5, 3, 'manoj', 'kumar', 'manoj@gmail.com', '9770866241', '50a12dd50d40e23444069e97d689c74f3a39a787', 'male', 1, '2022-02-28', 1);

-- --------------------------------------------------------

--
-- Table structure for table `user_type`
--

CREATE TABLE `user_type` (
  `utype_id` int(255) NOT NULL,
  `type_name` varchar(100) NOT NULL,
  `status` tinyint(1) NOT NULL DEFAULT '1'
) ENGINE=InnoDB DEFAULT CHARSET=latin1;

--
-- Dumping data for table `user_type`
--

INSERT INTO `user_type` (`utype_id`, `type_name`, `status`) VALUES
(1, 'super_admin', 1),
(2, 'admin', 1),
(3, 'operator', 1);

--
-- Indexes for dumped tables
--

--
-- Indexes for table `bill`
--
ALTER TABLE `bill`
  ADD PRIMARY KEY (`bill_id`),
  ADD KEY `sno_id` (`sno_id`),
  ADD KEY `created_by` (`created_by`);

--
-- Indexes for table `company_master`
--
ALTER TABLE `company_master`
  ADD PRIMARY KEY (`cid`),
  ADD KEY `created_by` (`created_by`);

--
-- Indexes for table `cost_center_master`
--
ALTER TABLE `cost_center_master`
  ADD PRIMARY KEY (`costc_id`),
  ADD KEY `created_by` (`created_by`),
  ADD KEY `company_id` (`company_id`);

--
-- Indexes for table `location_master`
--
ALTER TABLE `location_master`
  ADD PRIMARY KEY (`loc_id`),
  ADD KEY `created_by` (`created_by`),
  ADD KEY `cost_center_id` (`cost_center_id`);

--
-- Indexes for table `meter_master`
--
ALTER TABLE `meter_master`
  ADD PRIMARY KEY (`mid`),
  ADD KEY `cid` (`cid`),
  ADD KEY `costc_id` (`costc_id`),
  ADD KEY `loc_id` (`loc_id`),
  ADD KEY `created_by` (`created_by`);

--
-- Indexes for table `meter_reading`
--
ALTER TABLE `meter_reading`
  ADD PRIMARY KEY (`mr_id`),
  ADD KEY `bpno` (`bpno`),
  ADD KEY `user_id` (`user_id`),
  ADD KEY `created_by` (`created_by`);

--
-- Indexes for table `task_assign`
--
ALTER TABLE `task_assign`
  ADD PRIMARY KEY (`task_id`),
  ADD KEY `user_id` (`user_id`),
  ADD KEY `created_by` (`created_by`),
  ADD KEY `service_no` (`sno_id`),
  ADD KEY `sub_meter_id` (`sub_meter_id`);

--
-- Indexes for table `users`
--
ALTER TABLE `users`
  ADD PRIMARY KEY (`uid`),
  ADD KEY `utype` (`utype`);

--
-- Indexes for table `user_type`
--
ALTER TABLE `user_type`
  ADD PRIMARY KEY (`utype_id`);

--
-- AUTO_INCREMENT for dumped tables
--

--
-- AUTO_INCREMENT for table `bill`
--
ALTER TABLE `bill`
  MODIFY `bill_id` int(255) NOT NULL AUTO_INCREMENT;

--
-- AUTO_INCREMENT for table `company_master`
--
ALTER TABLE `company_master`
  MODIFY `cid` int(255) NOT NULL AUTO_INCREMENT, AUTO_INCREMENT=6;

--
-- AUTO_INCREMENT for table `cost_center_master`
--
ALTER TABLE `cost_center_master`
  MODIFY `costc_id` int(255) NOT NULL AUTO_INCREMENT, AUTO_INCREMENT=8;

--
-- AUTO_INCREMENT for table `location_master`
--
ALTER TABLE `location_master`
  MODIFY `loc_id` int(255) NOT NULL AUTO_INCREMENT, AUTO_INCREMENT=4;

--
-- AUTO_INCREMENT for table `meter_master`
--
ALTER TABLE `meter_master`
  MODIFY `mid` int(255) NOT NULL AUTO_INCREMENT, AUTO_INCREMENT=13;

--
-- AUTO_INCREMENT for table `meter_reading`
--
ALTER TABLE `meter_reading`
  MODIFY `mr_id` int(255) NOT NULL AUTO_INCREMENT, AUTO_INCREMENT=4;

--
-- AUTO_INCREMENT for table `task_assign`
--
ALTER TABLE `task_assign`
  MODIFY `task_id` int(255) NOT NULL AUTO_INCREMENT, AUTO_INCREMENT=9;

--
-- AUTO_INCREMENT for table `users`
--
ALTER TABLE `users`
  MODIFY `uid` int(255) NOT NULL AUTO_INCREMENT, AUTO_INCREMENT=6;

--
-- AUTO_INCREMENT for table `user_type`
--
ALTER TABLE `user_type`
  MODIFY `utype_id` int(255) NOT NULL AUTO_INCREMENT, AUTO_INCREMENT=4;

--
-- Constraints for dumped tables
--

--
-- Constraints for table `bill`
--
ALTER TABLE `bill`
  ADD CONSTRAINT `bill_ibfk_1` FOREIGN KEY (`created_by`) REFERENCES `users` (`uid`) ON DELETE NO ACTION ON UPDATE CASCADE,
  ADD CONSTRAINT `bill_ibfk_2` FOREIGN KEY (`sno_id`) REFERENCES `meter_master` (`mid`) ON UPDATE CASCADE;

--
-- Constraints for table `company_master`
--
ALTER TABLE `company_master`
  ADD CONSTRAINT `company_master_ibfk_1` FOREIGN KEY (`created_by`) REFERENCES `users` (`uid`) ON DELETE NO ACTION ON UPDATE CASCADE;

--
-- Constraints for table `cost_center_master`
--
ALTER TABLE `cost_center_master`
  ADD CONSTRAINT `cost_center_master_ibfk_1` FOREIGN KEY (`created_by`) REFERENCES `users` (`uid`) ON DELETE NO ACTION ON UPDATE CASCADE,
  ADD CONSTRAINT `cost_center_master_ibfk_2` FOREIGN KEY (`company_id`) REFERENCES `company_master` (`cid`) ON DELETE CASCADE ON UPDATE CASCADE;

--
-- Constraints for table `location_master`
--
ALTER TABLE `location_master`
  ADD CONSTRAINT `location_master_ibfk_1` FOREIGN KEY (`created_by`) REFERENCES `users` (`uid`) ON DELETE NO ACTION ON UPDATE CASCADE,
  ADD CONSTRAINT `location_master_ibfk_2` FOREIGN KEY (`cost_center_id`) REFERENCES `cost_center_master` (`costc_id`) ON DELETE CASCADE ON UPDATE CASCADE;

--
-- Constraints for table `meter_master`
--
ALTER TABLE `meter_master`
  ADD CONSTRAINT `meter_master_ibfk_1` FOREIGN KEY (`cid`) REFERENCES `company_master` (`cid`) ON UPDATE CASCADE,
  ADD CONSTRAINT `meter_master_ibfk_2` FOREIGN KEY (`costc_id`) REFERENCES `cost_center_master` (`costc_id`) ON UPDATE CASCADE,
  ADD CONSTRAINT `meter_master_ibfk_3` FOREIGN KEY (`loc_id`) REFERENCES `location_master` (`loc_id`) ON UPDATE CASCADE,
  ADD CONSTRAINT `meter_master_ibfk_4` FOREIGN KEY (`created_by`) REFERENCES `users` (`uid`) ON UPDATE CASCADE;

--
-- Constraints for table `task_assign`
--
ALTER TABLE `task_assign`
  ADD CONSTRAINT `task_assign_ibfk_1` FOREIGN KEY (`sno_id`) REFERENCES `meter_master` (`mid`) ON UPDATE CASCADE,
  ADD CONSTRAINT `task_assign_ibfk_3` FOREIGN KEY (`user_id`) REFERENCES `users` (`uid`) ON UPDATE CASCADE;

--
-- Constraints for table `users`
--
ALTER TABLE `users`
  ADD CONSTRAINT `users_ibfk_1` FOREIGN KEY (`utype`) REFERENCES `user_type` (`utype_id`) ON UPDATE CASCADE;
SET FOREIGN_KEY_CHECKS=1;
COMMIT;

/*!40101 SET CHARACTER_SET_CLIENT=@OLD_CHARACTER_SET_CLIENT */;
/*!40101 SET CHARACTER_SET_RESULTS=@OLD_CHARACTER_SET_RESULTS */;
/*!40101 SET COLLATION_CONNECTION=@OLD_COLLATION_CONNECTION */;
